TypeName,WMC,NC,DIT,LCOM,FANIN,FANOUT
StaticPlanetModel,6,0,0,0.0,0,5
RefreshPlanetTask,2,0,1,0.0,1,4
PlanetTask,1,2,0,-1.0,0,0
GeneratePlanetTask,3,0,1,0.0,1,2
PlanetConverterForRSS20,4,0,0,-1.0,0,0
PlanetRSS091UParser,4,0,0,-1.0,0,0
PlanetConverterForRSS091U,3,0,0,-1.0,0,0
PlanetRSS091NParser,4,0,0,-1.0,0,0
ContentModuleImpl,5,0,1,0.6,0,1
ContentModuleParser,4,0,0,-1.0,0,1
ContentModule,2,1,0,-1.0,3,0
PlanetConverterForRSS091N,3,0,0,-1.0,0,0
ContentModuleGenerator,5,0,0,0.75,0,1
MailUtil,28,0,0,0.0,1,1
PlanetRuntimeConfig,9,0,0,0.3333333333333333,3,6
Manager,3,2,0,-1.0,0,0
AbstractManagerImpl,3,2,1,-1.0,0,0
Planet,8,1,0,-1.0,1,0
PlanetURLStrategy,7,1,0,-1.0,5,0
InitializationException,2,0,1,-1.0,0,0
PlanetManager,25,1,1,-1.0,14,4
BootstrapException,2,0,1,-1.0,0,0
MultiPlanetURLStrategy,15,1,1,-1.0,1,1
PlanetProvider,2,0,0,-1.0,0,0
FeedFetcher,2,1,0,-1.0,6,0
RomeFeedFetcher,24,1,1,0.0,0,2
FetcherException,8,0,1,-1.0,0,0
JPAPlanetManagerImpl,48,0,2,0.06451612903225806,1,6
JPAPlanetImpl,9,0,2,0.0,1,5
SingleThreadedFeedUpdater,17,0,1,0.3333333333333333,0,7
UpdaterException,2,0,1,-1.0,0,0
FeedUpdater,3,1,0,-1.0,2,2
PlanetGroup,29,0,0,0.3333333333333333,11,5
Planet,13,0,0,0.3076923076923077,10,1
StaticTemplate,21,0,1,0.2857142857142857,0,0
Category,2,0,0,0.0,1,0
SubscriptionEntry,50,0,0,0.425,7,5
Author,4,0,0,0.5,1,0
Template,2,1,0,-1.0,0,0
Subscription,32,0,0,0.2413793103448276,12,2
RollerConstants,1,0,0,0.0,44,0
RegexUtil,9,0,0,0.5,4,1
PropertyExpander,6,0,0,0.6666666666666666,1,1
DateUtil,69,0,0,0.2857142857142857,19,2
UUIDGenerator,2,0,0,-1.0,2,0
ISO8601DateParser,3,0,0,-1.0,1,0
InitFilter,14,0,0,0.5,1,2
BootstrapFilter,5,0,0,0.5,0,2
PersistenceSessionFilter,4,0,0,1.0,0,1
RoleAssignmentFilter,3,0,0,1.0,0,0
RoleAssignmentRequestWrapper,3,0,0,1.0,0,3
CustomOpenIDAuthenticationProcessingFilter,6,0,0,1.0,0,0
CharEncodingFilter,6,0,0,1.0,0,0
ValidateSaltFilter,10,0,0,0.5,0,3
DebugFilter,3,0,0,1.0,0,0
SpringFirewallExceptionFilter,3,0,0,1.0,0,0
IPBanFilter,4,0,0,0.6666666666666666,0,1
LoadSaltFilter,4,0,0,-1.0,0,2
RollerContext,32,1,0,0.36363636363636365,10,8
CmaRollerContext,2,0,1,-1.0,0,0
RollerSession,20,0,0,0.0,7,8
RollerLoginSessionManager,11,0,0,0.2857142857142857,4,6
SingletonHolder,0,0,0,-1.0,1,1
SessionCacheHandler,2,0,1,-1.0,0,1
MenuTabItem,6,0,0,0.5,2,0
ParsedTab,13,0,0,0.46153846153846156,2,1
ParsedMenu,3,0,0,0.0,1,1
Menu,3,0,0,0.0,1,1
ParsedTabItem,14,0,0,0.5,2,0
MenuHelper,44,0,0,0.375,3,17
MenuTab,9,0,0,0.4444444444444444,2,1
AutoProvision,1,1,0,-1.0,1,0
RollerRememberMeAuthenticationProvider,2,0,0,0.0,0,1
RollerUserDetails,5,0,0,-1.0,1,0
CustomUserRegistry,17,0,0,0.6666666666666666,3,4
BasicUserAutoProvision,6,0,1,0.0,0,5
AuthoritiesPopulator,7,0,0,0.0,0,4
RollerUserDetailsService,8,0,0,0.0,0,4
RollerRememberMeServices,4,0,0,0.0,0,1
UIPluginManager,2,1,0,-1.0,2,0
UIPluginManagerImpl,9,0,1,0.4,2,4
Summernote,4,0,1,-1.0,0,0
WeblogEntryEditor,3,2,0,-1.0,1,0
TextEditor,4,0,1,-1.0,0,0
WeblogCalendarModel,32,1,1,0.0,1,8
CalendarModel,10,1,0,-1.0,2,0
BigWeblogCalendarModel,13,0,2,0.0,0,6
CalendarTag,34,0,0,0.16666666666666666,1,2
TruncateNicelyTag,18,0,1,0.18181818181818182,1,1
WordWrapTag,24,0,1,0.16666666666666666,1,1
StringTagSupport,10,2,0,0.0,0,0
Install,26,0,2,0.4666666666666667,0,4
Profile,24,0,2,0.375,0,4
MainMenu,11,0,2,0.6363636363636364,0,4
CreateWeblogBean,14,0,0,0.5,1,0
Register,53,0,2,0.19047619047619047,2,9
Login,9,0,2,0.5714285714285714,0,0
CreateWeblog,18,0,2,0.5,0,10
OAuthKeys,12,0,2,0.75,0,4
Setup,15,0,2,0.26666666666666666,0,4
ProfileBean,24,0,0,0.16666666666666666,2,1
OAuthAuthorize,9,0,2,0.625,0,1
UIActionPreparable,1,1,0,-1.0,1,0
KeyValueObject,6,0,0,0.3333333333333333,0,0
UIActionInterceptor,7,0,0,0.0,0,4
UIAction,65,40,1,0.41818181818181815,3,11
UISecurityEnforced,4,1,0,-1.0,1,0
UIActionPrepareInterceptor,4,0,0,0.0,0,1
UIUtils,6,0,0,1.0,1,0
LocaleComparator,2,0,0,-1.0,0,0
UISecurityInterceptor,16,0,0,0.0,0,8
MediaFilePager,6,0,0,0.0,1,0
CommentsPager,9,0,0,0.0,2,1
EntriesPager,9,0,0,0.0,1,1
GlobalCommentManagement,36,0,2,0.23809523809523808,0,8
GlobalCommentManagementBean,30,0,0,0.3181818181818182,1,2
CacheInfo,11,0,2,0.5,0,2
CreateUserBean,28,0,0,0.07142857142857142,2,3
UserEdit,41,0,2,0.3333333333333333,0,8
PingTargetBean,8,0,0,0.0,1,1
PingTargetEdit,18,0,2,0.4444444444444444,0,4
UserAdmin,8,0,2,0.875,0,2
PingTargets,20,0,2,0.26666666666666666,0,3
GlobalConfig,36,0,2,0.21052631578947367,0,11
WeblogRemove,3,0,2,1.0,0,1
MediaFileBean,32,0,0,0.0,3,1
StylesheetEdit,32,0,2,0.125,0,11
WeblogConfigBean,54,0,0,0.038461538461538464,1,1
MediaFileView,52,0,3,0.10810810810810811,0,6
MemberResign,5,0,2,1.0,0,3
EntryEdit,62,0,2,0.39285714285714285,0,20
TemplateEdit,20,0,2,0.3,0,3
MediaFileEdit,20,0,3,0.2,0,5
EntryBean,58,0,0,0.0,2,5
CategoryRemove,19,0,2,0.2857142857142857,0,4
EntriesBean,24,0,0,0.09523809523809523,1,2
ThemeEdit,28,0,2,0.1875,0,9
MediaFileImageChooser,19,0,3,0.3076923076923077,0,4
MediaFileImageDim,4,0,3,0.5,0,4
EntryAddWithMediaFile,15,0,3,0.3,0,4
Bookmarks,37,0,2,0.1,0,4
MembersInvite,16,0,2,0.375,0,6
MediaFileSearchBean,37,0,0,0.0,1,2
BookmarksImport,13,0,2,0.5555555555555556,0,3
Templates,37,0,2,0.17647058823529413,0,7
Members,21,0,2,0.0,0,5
MediaFileBase,25,6,2,0.16666666666666666,0,5
BookmarkBean,14,0,0,0.0,1,1
FolderEdit,18,0,2,0.25,0,4
CommentsBean,33,0,0,0.3333333333333333,1,2
BookmarkEdit,17,0,2,0.25,0,4
MediaFileAdd,37,0,3,0.14285714285714285,0,9
FolderBean,6,0,0,0.0,1,1
TemplateEditBean,39,0,0,0.12121212121212122,1,3
Entries,25,0,2,0.3333333333333333,0,8
Comments,49,0,2,0.18181818181818182,0,13
CategoryBean,10,0,0,0.0,1,1
Maintenance,5,0,2,0.6,0,4
Pings,30,0,2,0.17647058823529413,0,9
EntryRemove,12,0,2,0.4444444444444444,0,6
CategoryEdit,18,0,2,0.4,0,5
WeblogConfig,22,0,2,0.21428571428571427,0,9
Categories,6,0,2,0.5,0,3
ThemeDataServlet,7,0,0,-1.0,0,3
CommentDataServlet,8,0,0,-1.0,0,8
UserDataServlet,7,0,0,0.0,0,5
RequestMappingFilter,6,0,0,0.6666666666666666,0,1
DeviceResolverRequestFilter,3,0,0,0.6666666666666666,0,3
WeblogEntryCommentForm,20,0,0,0.15,3,2
WeblogRequest,29,7,1,0.15384615384615385,14,2
WeblogResourceRequest,8,1,2,0.6,1,1
WeblogFeedRequest,30,0,2,0.1111111111111111,11,6
PlanetRequest,13,0,1,0.0,2,0
WeblogPreviewResourceRequest,11,0,3,0.5,1,3
WeblogCommentRequest,27,0,2,0.125,1,4
WeblogPreviewRequest,21,0,3,0.2857142857142857,2,6
WeblogMediaResourceRequest,11,0,2,0.42857142857142855,1,0
ParsedRequest,11,2,0,0.2222222222222222,1,4
ModDateHeaderUtil,8,0,0,1.0,0,3
InvalidRequestException,2,0,2,-1.0,0,0
WeblogTrackbackRequest,25,0,2,0.14285714285714285,1,3
WeblogSearchRequest,16,0,2,0.2,3,4
WeblogPageRequest,57,1,2,0.06666666666666667,9,9
SiteWideCache,53,0,1,0.4444444444444444,4,18
SaltCache,10,0,0,0.3333333333333333,3,6
PlanetCache,24,0,0,0.25,2,7
WeblogCacheWarmupJob,10,0,1,0.5,0,8
WeblogPageCache,30,0,0,0.25,3,7
WeblogFeedCache,21,0,0,0.2857142857142857,3,7
MobileDeviceRepository,7,0,0,-1.0,1,3
LiteDevice,6,0,1,0.0,1,0
DeviceResolver,1,1,0,-1.0,1,0
Device,3,1,0,-1.0,3,0
DeviceUtils,4,0,0,0.0,3,2
LiteDeviceResolver,26,0,1,0.0,0,1
TrackbackLinkbackCommentValidator,4,0,1,1.0,0,6
AkismetCommentValidator,4,0,1,0.6666666666666666,0,5
MathCommentAuthenticator,5,0,1,1.0,0,2
BannedwordslistCommentValidator,3,0,1,1.0,0,4
CommentValidator,2,5,0,-1.0,1,2
CommentAuthenticatorUtils,2,0,0,0.0,2,2
ExcessSizeCommentValidator,4,0,1,0.6666666666666666,0,4
DefaultCommentAuthenticator,2,0,1,-1.0,0,0
LdapCommentAuthenticator,13,0,1,0.4,0,3
ExcessLinksCommentValidator,5,0,1,0.6666666666666666,0,4
CommentAuthenticator,2,3,0,-1.0,2,0
CommentValidationManager,5,0,0,0.0,2,5
WeblogEntriesDayPager,27,0,2,0.25,0,7
WeblogEntriesPager,11,2,0,-1.0,0,0
WeblogEntriesListPager,13,1,2,0.0,0,7
UsersPager,14,0,2,0.0,0,5
SearchResultsFeedPager,14,0,2,0.0,1,5
WeblogEntriesPreviewPager,5,0,3,1.0,0,7
Pager,7,1,0,-1.0,0,0
WeblogEntriesPermalinkPager,20,1,2,0.3,0,8
MediaFilesPager,9,1,2,0.5,0,3
WeblogEntriesLatestPager,8,0,2,0.0,0,6
CommentsPager,12,1,2,0.0,0,7
AbstractWeblogEntriesPager,28,4,1,0.3333333333333333,0,5
PlanetEntriesPager,9,0,2,0.0,0,6
AbstractPager,18,7,1,0.15384615384615385,0,2
WeblogEntriesMonthPager,27,0,2,0.25,0,7
WeblogsPager,15,0,2,0.0,0,5
SearchResultsPager,19,0,1,0.4166666666666667,1,4
CommentServlet,31,0,0,0.6666666666666666,0,22
PreviewServlet,22,0,0,0.0,0,14
PreviewResourceServlet,13,0,0,0.0,0,8
ResourceServlet,13,0,0,0.0,0,7
PageServlet,69,0,0,0.0,0,21
RSDServlet,7,0,0,0.0,0,7
PlanetFeedServlet,19,0,0,0.0,0,11
FeedServlet,28,0,0,0.0,0,15
TrackbackServlet,21,0,0,0.4,0,12
MediaResourceServlet,9,0,0,0.0,0,6
CommentAuthenticatorServlet,4,0,0,0.6666666666666666,0,3
SearchServlet,13,0,0,0.0,0,16
RenderingException,3,0,2,-1.0,0,0
RendererManager,4,0,0,1.0,0,3
Renderer,1,1,0,-1.0,9,0
RendererFactory,1,1,0,-1.0,0,2
RequestMapper,1,1,0,-1.0,0,0
WeblogRequestMapper,59,0,1,0.0,0,3
RollerResourceLoader,10,0,0,0.75,0,4
VelocityRendererFactory,4,0,1,0.0,0,4
VelocityRenderer,6,0,1,0.0,0,3
ThemeResourceLoader,12,0,0,0.75,0,5
WebappResourceLoader,30,0,0,0.0,0,1
RollerVelocity,5,0,0,0.0,0,1
MobileDeviceRepository,10,0,0,0.0,10,1
MessageModel,5,0,1,0.5,0,2
PageModel,32,2,1,0.2222222222222222,0,10
CalendarModel,10,0,1,0.4,0,5
MenuModel,8,0,1,0.5,0,5
FeedModel,31,0,1,0.2631578947368421,0,7
FeedEntriesPager,6,0,3,0.0,0,2
FeedCommentsPager,6,0,3,0.0,0,2
FeedFilesPager,6,0,3,0.0,0,2
SearchResultsModel,22,0,2,0.13333333333333333,0,9
SiteModel,43,0,1,0.07692307692307693,0,15
UtilitiesModel,51,0,1,0.8095238095238095,0,10
ConfigModel,25,0,1,-1.0,0,2
PreviewURLModel,5,0,2,0.0,0,4
PlanetModel,18,0,1,0.25,0,10
SearchResultsFeedModel,19,0,1,0.14285714285714285,1,12
PreviewPageModel,10,0,2,0.0,0,5
ModelLoader,6,0,0,0.0,5,3
Model,2,11,0,-1.0,1,0
URLModel,71,1,1,0.11290322580645161,0,8
FeedURLS,3,0,0,-1.0,0,0
EntryFeedURLS,7,0,0,-1.0,0,0
CommentFeedURLS,4,0,0,-1.0,0,0
MediaFileFeedURLS,4,0,0,-1.0,0,0
PlanetConfig,21,0,3,0.4166666666666667,1,7
PlanetGroups,11,0,3,0.625,0,4
PlanetUIAction,2,3,2,0.0,0,3
PlanetGroupSubs,39,0,3,0.25,2,8
RefreshRollerPlanetTask,13,0,2,0.0,2,6
SyncWebsitesTask,19,0,2,0.0,1,12
PlanetURLStrategy,7,0,2,-1.0,0,1
WebloggerRomeFeedFetcher,11,0,2,1.0,1,8
AuthorizationServlet,14,0,0,0.0,0,2
AccessTokenServlet,6,0,0,0.0,0,2
RequestTokenServlet,6,0,0,0.0,0,2
OpenSearchServlet,6,0,0,-1.0,0,5
RollerAtomService,11,0,0,-1.0,2,8
RollerAtomHandlerFactory,1,0,0,-1.0,0,0
RollerAtomHandler,58,0,0,0.36,2,14
EntryCollection,48,0,0,0.0,1,13
MediaCollection,51,0,0,0.18181818181818182,1,11
TagDataServlet,19,0,0,0.0,0,9
MetaWeblogAPIHandler,37,0,2,0.36363636363636365,0,16
BloggerAPIHandler,29,1,1,0.2222222222222222,0,11
BaseAPIHandler,15,1,0,0.75,0,7
MediacastUtil,5,0,0,1.0,1,1
Trackback,11,0,0,0.0,1,6
GenericThrottle,14,0,0,0.0,1,4
ClientInfo,0,0,0,-1.0,1,0
MediacastException,6,0,2,0.0,0,0
Reflection,10,0,0,-1.0,14,2
PasswordUtility,23,0,0,-1.0,1,2
Utilities,110,0,0,0.6511627906976745,46,3
BannedwordslistChecker,10,0,0,-1.0,3,6
RollerMessages,19,0,0,0.17647058823529413,20,0
RollerMessage,5,0,0,0.0,4,0
LRUCache2,20,0,0,0.21428571428571427,0,2
Environment,1,1,0,-1.0,1,0
DefaultEnvironment,1,0,1,-1.0,0,0
CacheEntry,3,0,0,0.0,1,0
LRULinkedHashMap,2,0,0,0.0,0,0
StandaloneWebappClassLoader,5,0,0,0.0,1,1
LinkbackExtractor,44,0,0,0.16666666666666666,1,1
LinkbackCallback,23,0,0,0.0,0,0
URLUtilities,12,0,0,-1.0,20,1
Bannedwordslist,47,0,0,0.2,3,3
MediacastResource,8,0,0,0.0,2,0
I18nUtils,11,0,0,-1.0,3,0
WSSEUtilities,4,0,0,-1.0,2,1
IPBanList,18,0,0,0.3,3,2
ModifiedFile,3,0,0,0.0,1,0
I18nMessages,15,0,0,0.0,14,2
MailUtil,60,0,0,0.2727272727272727,7,16
MailingException,1,0,2,-1.0,0,0
TrackbackNotAllowedException,1,0,2,-1.0,0,0
HTMLSanitizer,66,0,0,0.1875,9,2
SanitizeResult,0,0,0,-1.0,1,0
LRUCacheImpl,12,1,1,0.0,0,1
LRULinkedHashMap,2,0,0,0.0,0,0
ExpiringLRUCacheFactoryImpl,3,0,1,1.0,0,1
Cache,6,1,0,-1.0,10,0
ExpiringCacheEntry,6,0,0,0.0,5,0
LazyExpiringCacheEntry,5,0,0,0.0,2,0
LRUCacheFactoryImpl,3,0,1,1.0,0,1
CacheManager,31,0,0,0.2,12,12
CacheHandler,8,2,0,-1.0,1,8
CachedContent,13,0,0,0.25,7,1
CacheFactory,1,2,0,-1.0,1,0
ExpiringLRUCacheImpl,7,0,2,0.5,0,2
PingConfig,32,0,0,0.2727272727272727,6,6
WebloggerRuntimeConfig,17,0,0,0.25,49,7
WebloggerConfig,17,0,0,0.25,67,1
PropertyDef,17,0,0,0.11764705882352941,3,0
RuntimeConfigDefsParser,11,0,0,-1.0,2,4
ConfigDef,13,0,0,0.0,4,1
RuntimeConfigDefs,6,0,0,0.0,6,1
DisplayGroup,11,0,0,0.18181818181818182,2,1
FileIOException,3,0,2,-1.0,0,0
MediaFileManager,25,1,0,-1.0,22,5
AbstractURLStrategy,22,1,1,0.2,0,2
WebloggerFactory,11,0,0,0.4,161,5
WeblogEntryManager,43,1,0,-1.0,49,7
FileContentManager,7,1,0,-1.0,4,2
WebloggerProvider,2,1,0,-1.0,3,0
Weblogger,27,1,0,-1.0,36,0
MultiWeblogURLStrategy,58,1,2,-1.0,1,4
TestTask,8,0,2,1.0,1,1
PreviewURLStrategy,39,0,3,0.0,0,4
HitCountQueue,8,0,0,0.3333333333333333,4,6
GuiceWebloggerProvider,4,0,1,0.5,0,3
WebloggerImpl,31,1,1,0.0,0,22
OAuthManager,11,1,0,-1.0,8,0
URLStrategy,30,1,0,-1.0,36,1
FileNotFoundException,3,0,2,-1.0,0,0
MailProvider,12,0,0,0.0,2,1
InitializationException,2,0,2,-1.0,0,0
UserManager,31,1,0,-1.0,28,3
BootstrapException,2,0,2,-1.0,0,0
PropertiesManager,6,1,0,-1.0,9,1
BookmarkManager,12,1,0,-1.0,9,3
DatabaseProvider,19,0,0,0.0,3,1
WeblogManager,22,1,0,-1.0,17,4
FileContentManagerImpl,52,0,1,0.2857142857142857,2,6
FilePathException,3,0,2,-1.0,0,0
SmileysPlugin,17,0,1,0.42857142857142855,1,4
EncodePreTagsPlugin,7,0,1,0.8,1,3
WeblogEntryPlugin,4,4,0,-1.0,2,2
ObfuscateEmailPlugin,5,0,1,1.0,0,3
ConvertLineBreaksPlugin,11,0,1,0.6,1,3
WeblogEntryCommentPlugin,4,3,0,-1.0,0,1
AutoformatPlugin,10,0,1,1.0,0,1
HTMLSubsetPlugin,6,0,1,0.8,0,2
LinkMarkupPlugin,8,0,1,1.0,0,2
PluginManager,6,1,0,-1.0,9,3
PluginManagerImpl,21,0,1,0.2222222222222222,1,7
JPAAutoPingManagerImpl,15,0,1,0.16666666666666666,1,8
JPAPingTargetManagerImpl,15,0,1,0.4,1,2
JPAWebloggerImpl,4,0,2,0.0,1,20
JPAPropertiesManagerImpl,16,0,1,0.25,1,4
JPAMediaFileManagerImpl,88,0,1,0.06666666666666667,1,15
JPAPersistenceStrategy,31,0,0,0.0,15,2
JPABookmarkManagerImpl,29,0,1,0.13333333333333333,1,6
JPAWebloggerModule,1,0,0,-1.0,0,43
JPAOAuthManagerImpl,36,0,1,0.0,1,4
JPAThreadManagerImpl,15,0,2,0.0,1,4
JPAPingQueueManagerImpl,9,0,1,0.25,1,3
JPAWeblogManagerImpl,90,0,1,0.07407407407407407,1,20
JPAWeblogEntryManagerImpl,165,0,1,0.04,3,17
JPAUserManagerImpl,69,0,1,0.0625,1,8
ScheduledEntriesTask,15,0,2,0.0,1,7
TaskScheduler,14,0,0,0.0,1,5
RollerTaskWithLeasing,5,6,1,0.0,4,2
TaskRunner,4,0,0,-1.0,0,1
ThreadManagerImpl,14,1,1,0.5,0,6
HitCountProcessingJob,7,0,1,1.0,1,6
Job,3,2,0,-1.0,2,0
RollerTask,14,1,0,0.7777777777777778,5,2
ResetHitCountsTask,13,0,2,0.0,1,5
WorkerThread,5,1,0,0.0,1,3
ContinuousWorkerThread,6,0,1,0.6,0,1
ThreadManager,9,1,0,-1.0,5,2
LuceneIndexManager,47,0,1,0.12,12,13
ReadFromIndexOperation,2,1,1,1.0,0,1
RemoveEntryOperation,3,0,2,0.0,0,5
FieldConstants,0,0,0,-1.0,7,0
AddEntryOperation,4,0,2,0.0,0,4
SearchOperation,15,0,2,0.18181818181818182,1,4
IndexUtil,4,0,0,-1.0,3,1
RemoveWebsiteIndexOperation,6,0,2,0.0,0,6
ReIndexEntryOperation,4,0,2,0.0,0,5
IndexOperation,16,2,0,0.5,1,5
WriteToIndexOperation,2,5,1,1.0,0,1
RebuildWebsiteIndexOperation,9,0,2,0.0,0,8
SearchResultMap,5,0,0,0.0,0,0
SearchResultList,5,0,0,0.0,2,0
IndexManager,11,1,0,-1.0,13,3
WeblogUpdatePinger,17,0,0,0.4,3,5
PingResult,6,0,0,0.0,2,0
PingTargetManager,8,1,0,-1.0,8,1
PingQueueTask,13,0,2,0.0,1,4
PingQueueProcessor,18,0,0,0.0,2,9
AutoPingManager,11,1,0,-1.0,5,4
PingQueueManager,6,1,0,-1.0,5,2
StartupException,7,0,2,0.0,2,0
ClasspathDatabaseScriptProvider,2,0,1,-1.0,1,1
WebloggerStartup,16,0,0,0.18181818181818182,8,6
DatabaseInstaller,86,0,0,0.0,1,3
DatabaseScriptProvider,1,1,0,-1.0,1,0
SQLScriptRunner,20,0,0,0.18181818181818182,1,0
ThemeMetadataTemplate,17,0,0,0.47058823529411764,3,1
ThemeParsingException,4,0,2,-1.0,0,0
SharedThemeTemplate,27,0,2,0.14814814814814814,1,1
SharedTheme,15,1,1,0.5333333333333333,6,1
ThemeMetadataTemplateRendition,6,0,0,0.5,3,0
WeblogCustomTheme,19,0,2,-1.0,0,6
ThemeManager,6,1,0,-1.0,13,2
ThemeInitializationException,4,0,2,-1.0,0,0
SharedThemeTemplateRendition,15,0,1,0.3076923076923077,2,1
ThemeNotFoundException,4,0,2,-1.0,0,0
SharedThemeResourceFromDir,10,0,2,0.2,1,1
SharedThemeFromDir,39,0,2,0.0,0,9
ThemeMetadataParser,25,0,0,-1.0,1,3
WeblogSharedTheme,27,0,2,0.0,0,8
ThemeManagerImpl,39,0,1,0.0,1,16
ThemeMetadata,21,0,0,0.47619047619047616,2,1
WebloggerException,4,14,1,-1.0,0,0
MediaFileComparator,5,0,0,0.0,0,1
FileContent,7,0,0,0.0,2,1
WeblogPermission,24,0,2,1.0,25,4
WeblogTemplate,38,0,2,0.22580645161290322,16,3
MediaFile,80,0,0,0.21052631578947367,19,7
UserRole,13,0,0,0.18181818181818182,2,1
WeblogBookmarkFolder,24,0,0,0.23529411764705882,13,6
PingQueueEntry,18,0,0,0.125,4,3
MediaFileFilter,16,0,0,0.5,4,0
ThemeResource,1,1,1,-1.0,6,0
RuntimeConfigProperty,11,0,0,0.2222222222222222,7,1
WeblogEntryTagAggregate,17,0,0,0.13333333333333333,3,2
TagStatComparator,2,0,0,1.0,0,1
RollerPermission,18,2,0,0.18181818181818182,3,2
GlobalPermission,29,0,1,0.4,17,6
WeblogHitCount,12,0,0,0.3,4,2
WeblogEntryWrapperComparator,3,0,0,0.0,0,1
StatCount,18,0,0,0.0,5,1
StaticTemplate,12,0,1,0.25,0,1
Resource,5,1,0,-1.0,2,0
PingTarget,19,0,0,0.11764705882352941,14,1
StaticThemeTemplate,26,0,2,0.3076923076923077,0,0
User,36,0,0,0.1875,49,5
WeblogEntrySearchCriteria,26,0,0,0.5,19,2
Weblog,127,0,0,0.14432989690721648,113,20
WeblogEntryTag,20,0,0,0.1111111111111111,5,5
TagStatCountComparator,4,0,0,1.0,1,2
WeblogCategory,25,0,0,0.14285714285714285,21,6
OAuthConsumerRecord,12,0,0,0.4,2,1
TaskLock,22,0,0,0.2222222222222222,5,1
MediaFileDirectory,25,0,0,0.11764705882352941,13,3
MediaFileTag,13,0,0,0.18181818181818182,2,2
ThemeTemplate,6,3,1,-1.0,13,0
WeblogEntryAttribute,15,0,0,0.15384615384615385,4,2
WeblogEntryComment,39,0,0,0.3055555555555556,30,2
Template,6,2,0,-1.0,9,1
WeblogEntryTagComparator,2,0,0,1.0,0,1
CommentSearchCriteria,18,0,0,0.5,7,2
ObjectPermission,14,1,1,0.5714285714285714,1,0
AutoPing,14,0,0,0.18181818181818182,7,3
WeblogEntry,134,0,0,0.12903225806451613,54,20
MediaFileDirectoryComparator,3,0,0,0.0,0,1
WeblogBookmark,27,0,0,0.08333333333333333,12,3
Theme,12,2,0,-1.0,11,0
TemplateRendition,8,2,0,-1.0,6,0
TagStat,8,0,0,0.375,4,0
CustomTemplateRendition,17,0,1,0.2,10,2
StatCountCountComparator,5,0,0,1.0,1,2
OAuthAccessorRecord,22,0,0,0.45,2,1
WeblogTheme,2,2,1,0.0,11,1
WeblogCategoryWrapper,10,0,0,0.2222222222222222,5,4
WeblogEntryTagWrapper,6,0,0,0.4,0,2
WeblogEntryWrapper,47,0,0,0.043478260869565216,15,7
WeblogEntryAttributeWrapper,5,0,0,0.5,0,1
WeblogEntryCommentWrapper,20,0,0,0.1111111111111111,4,6
WeblogBookmarkWrapper,11,0,0,0.2,0,2
WeblogBookmarkFolderWrapper,6,0,0,0.4,2,1
ThemeTemplateWrapper,10,0,0,0.2222222222222222,2,1
UserWrapper,11,0,0,0.2222222222222222,6,3
WeblogWrapper,57,0,0,0.03773584905660377,9,9
RollerException,14,5,0,0.0,0,0
